{
  "messages": [
    {
      "role": "user",
      "content": "Ordis causal pair (seed=101, n_cap=200).\nTreatment diff: guardian_enabled Δ={'treated': 1.0, 'control': 0.0}\n\nObserved outcomes:\n- Control: phase=STABLE, alive_last=44.958333333333336, H=0.7328333333333333, Gini=0.6185041666666667\n- Treated:  phase=PROSPERITY, alive_last=193.47663551401868, H=1.0256915887850466, Gini=0.2991532710280374\n\nTask: 用“可验证的计算步骤”解释这次干预为何导致这些变化。\n要求：\n1) 先计算两个状态的 C=√(H×N) 与 √(n_cap)，并说明差距。\n2) 用 H阈值=0.8 与 G阈值=0.333 给出两边的四象限归类。\n3) 输出一个JSON，包含：delta_N, delta_H, delta_G, quadrant_control, quadrant_treated, short_mechanism。\n"
    },
    {
      "role": "assistant",
      "content": "{\"calc\": {\"control\": {\"N\": 44.958333333333336, \"H\": 0.7328333333333333, \"G\": 0.6185041666666667, \"C_sqrt_HN\": 5.739944710341536, \"sqrt_Ncap\": 14.142135623730951, \"quadrant\": \"TYPE_A (Low H, High G)\"}, \"treated\": {\"N\": 193.47663551401868, \"H\": 1.0256915887850466, \"G\": 0.2991532710280374, \"C_sqrt_HN\": 14.0871344734534, \"sqrt_Ncap\": 14.142135623730951, \"quadrant\": \"TYPE_B (High H, Low G)\"}, \"delta\": {\"N\": 148.51830218068534, \"H\": 0.2928582554517133, \"G\": -0.31935089563862934}}, \"answer\": {\"delta_N\": 148.51830218068534, \"delta_H\": 0.2928582554517133, \"delta_G\": -0.31935089563862934, \"quadrant_control\": \"TYPE_A (Low H, High G)\", \"quadrant_treated\": \"TYPE_B (High H, Low G)\", \"short_mechanism\": \"基于观测：干预改变了资源/分享-采集结构，使得 N、H、G 的组合跨越(或逼近)阈值区间；C=√(H×N) 与 √(n_cap) 的相对偏离可作为系统“偏离稳态/约束区”的信号。\"}}"
    }
  ],
  "meta": {
    "seed": 101,
    "n_cap": 200,
    "task_type": "explain_with_computation"
  }
}